Product_ID,Url,Title,Category,Img
33020571248,https://www.aliexpress.com/item/Drop-Shipping-Link/33020571248.html,Drop Shipping Link,Home > All Categories > Beauty & Health > Skin Care > Skin Care Tool > Face Skin Care Tools
33006905194,https://www.aliexpress.com/item/UWIN-Custom-Tennis-Rhinestone-Chain/33006905194.html,UWIN Custom Tennis Rhinestone Chain,Home > All Categories > Jewelry & Accessories > Necklaces & Pendants > Chain Necklaces
33014655262,https://www.aliexpress.com/item/Hayao17-Best-Movie-Collection-6-DVD/33014655262.html,Hayao17 Best Movie Collection 6 DVD,Home > All Categories > Consumer Electronics > Accessories & Parts > Digital Gear Bags > CD/DVD Player Bags
32891360392,https://www.aliexpress.com/item/1Pc-Fungal-Nail-Treatment-Pen-Onychomycosis-Paronychia-Anti-Fungal-Nail-Infection-Chinese-Herbal-Nail-Fungus-Treatment/32891360392.html,1Pc Fungal Nail Treatment Pen Onychomycosis Paronychia Anti Fungal Nail Infection Chinese Herbal Nail Fungus Treatment,Home > All Categories > Beauty & Health > Nails Art & Tools > Nail Treatments
32977498926,https://www.aliexpress.com/item/3-In-1-Fast-Wireless-Charger-for-Apple-Watch-iWatch-1-2-3-4-Airpods-QI/32977498926.html,3 In 1 Fast Wireless Charger for Apple Watch iWatch 1 2 3 4 Airpods  QI Wireless Charger Dock for iPhone XR XS MAX,Home > All Categories > Cellphones & Telecommunications > Mobile Phone Accessories > Wireless Chargers
32948793434,https://www.aliexpress.com/item/Anti-Cellulite-Massager-Stick-Anti-Cellulite-Trigger-Point-Stick-Body-Foot-Face-Leg-Slimming-Massage-Muscle/32948793434.html,Anti Cellulite Massager Stick Anti-Cellulite Trigger Point Stick Body Foot Face Leg Slimming Massage Muscle Roller,Home > All Categories > Beauty & Health > Health Care > Massage & Relaxation
32902937054,https://www.aliexpress.com/item/Hot-Sale-Pure-Plant-Essential-Oil-Ginger-Body-Massage-Oil-30ml-Thermal-Body-Ginger-Essential-Oil/32902937054.html,Hot Sale Pure Plant Essential Oil Ginger Body Massage Oil 30ml Thermal Body Ginger Essential Oil For Scrape Therapy SPA,Home > All Categories > Beauty & Health > Skin Care > Essential Oil
33014717068,https://www.aliexpress.com/item/women-summer-flats-shoes-zapatos-mujer-cut-out-vintage-flock-light-simple-soft-shoe-woman-sapato/33014717068.html,women summer flats shoes zapatos mujer cut out vintage flock light simple soft shoe woman sapato chaussure womans shoes C02709,Home > All Categories > Shoes > Women's Shoes > Women's Flats
32918626044,https://www.aliexpress.com/item/9-Kinds-of-colour-Bougainvillea-Spectabilis-Willd-Can-Be-Choose-Perennial-Bonsai-Plant-Flower-Bougainvillea-Bonsai/32918626044.html,9 Kinds of colour Bougainvillea Spectabilis Willd Can Be Choose Perennial Bonsai Plant Flower Bougainvillea Bonsai 50 pcs,Home > All Categories > Home & Garden > Garden Supplies > Garden Pots & Planters > Bonsai
32905231284,https://www.aliexpress.com/item/Custom-Keyring-A-Z-26-Initial-Letters-Engraved-Drive-Safe-I-need-you-here-with-me/32905231284.html,Custom Keyring A-Z 26 Initial Letters Engraved Drive Safe I need you here with me Couples Women Valentine Gifts Keychain Jewelry,Home > All Categories > Jewelry & Accessories > Jewelry Sets & More > Key Chains
32977036476,https://www.aliexpress.com/item/Hair-Roller/32977036476.html,Hair Roller ,Home > All Categories > Beauty & Health > Hair Care & Styling > Hair Loss Products
33022309845,https://www.aliexpress.com/item/for-vip-case-for-iphone/33022309845.html,for vip case for iphone,Home > All Categories > Cellphones & Telecommunications > Phone Bags & Cases > Fitted Cases
33015404836,https://www.aliexpress.com/item/Suhach-Case/33015404836.html,Suhach Case,Home > All Categories > Cellphones & Telecommunications > Phone Bags & Cases > Fitted Cases
32999163070,https://www.aliexpress.com/item/2019-Girl-Toiletry-Storage-Bags-Felt-Makeup-Bag-Organizer-Insert-Bag-Organizer-Insert-Multi-functional-Travel/32999163070.html,2019 Girl Toiletry Storage Bags Felt Makeup Bag Organizer Insert Bag Organizer Insert Multi-functional Travel Cosmetic Bag,Home > All Categories > Luggage & Bags > Women's Bags > Cosmetic Bags & Cases
32974500565,https://www.aliexpress.com/item/Ultra-Thin-Anti-Fingerprint-Shockproof-Phone-Cases-with-Strap-For-iPhone-X-XS-XR-XSMAX-7/32974500565.html,Ultra-Thin Anti-Fingerprint Shockproof Phone Cases with Strap For iPhone X XS XR XSMAX 7 8 6 Plus Mobile Phone Matte Hard Cover,Home > All Categories > Cellphones & Telecommunications > Phone Bags & Cases > Fitted Cases
33015027487,https://www.aliexpress.com/item/customer-order-for-Pluto/33015027487.html,customer order for Pluto,Home > All Categories > Jewelry & Accessories > Necklaces & Pendants > Pendant Necklaces
32999243552,https://www.aliexpress.com/item/Swimwear-Swim-Shorts-Trunks-Beach-Board-Swimming-Short-Quick-Drying-Pants-Swimsuits-Mens-Running-Sports-Surffing/32999243552.html,Swimwear Swim Shorts Trunks Beach Board Swimming Short Quick Drying Pants Swimsuits Mens Running Sports Surffing shorts For Men,Home > All Categories > Sports & Entertainment > Water Sports > Surfing & Diving > Surfing & Beach Shorts
32841876742,https://www.aliexpress.com/item/Juicy-Grape-Leopard-Red-Cristal-Sexy-Elegant-Stud-Earrings-Women-2019-Enamel-Gilded-Fashion-Trendy-Animal/32841876742.html,Juicy Grape Leopard Red Cristal Sexy Elegant Stud Earrings Women 2019 Enamel Gilded Fashion Trendy Animal Jewellery ,Home > All Categories > Jewelry & Accessories > Earrings > Stud Earrings
33008893170,https://www.aliexpress.com/item/Poly-gel-kit-LED-UV-Extend-Gel-nail-art-transparent-clear-nail-tips-Base-coat-top/33008893170.html,Poly gel kit LED&UV Extend Gel nail art transparent clear nail tips Base coat top coat hard jelly quick building nail polygel,Home > All Categories > Beauty & Health > Nails Art & Tools > Nail Gel
32998848362,https://www.aliexpress.com/item/EOEODOIT-Summer-High-Wedges-Heel-Sandals-Fashion-Open-Toe-Platform-Elevator-Women-Leather-Serpentine-Shoes-Plus/32998848362.html,EOEODOIT Summer High Wedges Heel Sandals Fashion Open Toe Platform Elevator Women Leather Serpentine Shoes Plus Size Pumps 2019,Home > All Categories > Shoes > Women's Shoes > Heels > High Heels
33019850181,https://www.aliexpress.com/item/1-Pair-Breathable-Shoes-Pad-Massage-Insoles-Magnetic-Acupoint-Magnetotherapy-Pad-Shoes-Shipping-From-US-Wholesale/33019850181.html,1 Pair Breathable Shoes Pad Massage Insoles Magnetic Acupoint Magnetotherapy Pad Shoes Shipping From US Wholesale,Home > All Categories > Sports & Entertainment > Camping & Hiking > Insoles
33012672517,https://www.aliexpress.com/item/1Bottle-Smooth-Body-Hair-Removal-Spray-PRE-After-Wax-Treatment-Spray-Liquid-Remover-Waxing-Sprayer-Hair/33012672517.html,1Bottle Smooth Body Hair Removal Spray PRE After Wax Treatment Spray Liquid Remover Waxing Sprayer Hair Removal Tool,Home > All Categories > Beauty & Health > Shaving & Hair Removal > Hair Removal Cream
32782672300,https://www.aliexpress.com/item/My-Shape-Unisex-Leather-Viking-Bracelet-Never-Give-Up-Engraved-Inspirational-Quote-Bangle-hand-strap-for/32782672300.html,My Shape Unisex Leather Viking Bracelet Never Give Up Engraved Inspirational Quote Bangle hand strap for Gift,Home > All Categories > Jewelry & Accessories > Bracelets & Bangles > Charm Bracelets
33027296723,https://www.aliexpress.com/item/New-Makeup-Eyebrow-Pencil-Waterproof-Fork-Tip-Tattoo-Pen-4-Head-Fine-Sketch-Liquid-Eyebrow-Enhancer/33027296723.html,New Makeup Eyebrow Pencil Waterproof Fork Tip Tattoo Pen 4 Head Fine Sketch Liquid Eyebrow Enhancer Dye Tint Pen,Home > All Categories > Beauty & Health > Beauty Essentials > Eyebrow Enhancers
32806895569,https://www.aliexpress.com/item/Free-shipping-Hand-drawing-Disneyland-map-Nostalgia-photo-kraft-paper-bar-poster-Retro-Poster-decorative-painting/32806895569.html,Free shippingHand drawing /Disneyland map /Nostalgia photo/kraft paper/bar poster/Retro Poster/decorative painting 72x48cm,Home > All Categories > Home & Garden > Home Decor > Wall Stickers
33026610688,https://www.aliexpress.com/item/For-MARKROYAL-8655-Canvas-Leather-Men-Travel-Bags-Freight-Surcharge-listing-Only-8655-33026610688/33026610688.html,For MARKROYAL 8655 Canvas Leather Men Travel Bags Freight Surcharge listing Only #8655 33026610688,Home > All Categories > Luggage & Bags > Luggage & Travel Bags > Travel Bags
33030306202,https://www.aliexpress.com/item/Universal-Car-Steering-Wheel-Cover-Fiber-Leather-With-Soft-Anti-Slip-Black-DIY-Braid-Needles-Thread/33030306202.html,Universal Car Steering Wheel Cover Fiber Leather With Soft Anti-Slip Black DIY Braid & Needles Thread Fit For 38cm Diameter,Home > All Categories > Automobiles & Motorcycles > Interior Accessories > Steering Covers
33029160194,https://www.aliexpress.com/item/Skiing-Goggles/33029160194.html,Skiing Goggles,Home > All Categories > Sports & Entertainment > Skiing & Snowboarding > Skiing Eyewear
32991586382,https://www.aliexpress.com/item/24k-Gold-Vibration-Slimming-Face-Facial-Beauty-Bar-Pulse-Firming-Facial-Roller-Massager-Lift-Wrinkle-Stick/32991586382.html,24k Gold Vibration Slimming Face Facial Beauty Bar Pulse Firming Facial Roller Massager Lift Wrinkle Stick Skin Tightening,Home > All Categories > Beauty & Health > Skin Care > Skin Care Tool > Face Skin Care Tools
32709059285,https://www.aliexpress.com/item/Baby-Girls-Wraps-Floral-Printing-Turban-Headband-Newborn-Infants-Hair-Accessories/32709059285.html,Baby Girls Wraps Floral Printing Turban Headband Newborn Infants Hair Accessories,Home > All Categories > Mother & Kids > Girls' Baby Clothing > Accessories > Hair Accessories
32818465756,https://www.aliexpress.com/item/2016-Autumn-Winter-Sun-Hat-Women-Men-Fedora-Hat-Classical-Wide-Brim-Felt-Floppy-Cloche-Cap/32818465756.html,2016 Autumn Winter Sun Hat Women Men Fedora Hat Classical Wide Brim Felt Floppy Cloche Cap Chapeau Imitation Wool Cap,Home > All Categories > Apparel Accessories > Men's Hats > Men's Fedoras
32973846573,https://www.aliexpress.com/item/Casual-Women-Dot-Summer-Dress-Asymmetrical-Ruffles-Halter-Sleeveless-Dresses-Female-Fashion-2019-Sweet-Print-Dress/32973846573.html,Casual Women Dot Summer Dress Asymmetrical Ruffles Halter Sleeveless Dresses Female Fashion 2019 Sweet Print Dress Sexy Vestidos,Home > All Categories > Women's Clothing > Dresses
32765977528,https://www.aliexpress.com/item/Skull-Design-Women-Messenger-Bags-Handbags-Shoulder-Bags-Satchel-Clutch-Girl-Black-Skull-Crossbody-Bag-Bolsas/32765977528.html,Skull Design Women Messenger Bags Handbags Shoulder Bags Satchel Clutch Girl Black Skull Crossbody Bag Bolsas Borse Feminina,Home > All Categories > Luggage & Bags > Women's Bags > Top-Handle Bags
33016063574,https://www.aliexpress.com/item/057XTT-for-VIP/33016063574.html,057XTT for VIP,Home > All Categories > Home & Garden > Home Storage & Organization > Storage Bags
33004124037,https://www.aliexpress.com/item/Dropshipping-link-42Colors-Solid-Watercolor-Paint-Set-With-Water-Brush-Pen-Watercolor-Pigment-For-Drawing-painting/33004124037.html,Dropshipping link 42Colors Solid Watercolor Paint Set With Water Brush Pen Watercolor Pigment For Drawing painting Water colors,Home > All Categories > Office & School Supplies > Painting Supplies > Water Color
33035270335,https://www.aliexpress.com/item/Silver-Gold-Black-Iced-Out-1-Row-Bracelet-for-Men-Rhinestones-Chain-Bling-Rhinestone-Bracelet-for/33035270335.html,Silver/Gold/Black Iced Out 1 Row Bracelet for Men Rhinestones Chain Bling Rhinestone Bracelet for Women,Home > All Categories > Jewelry & Accessories > Bracelets & Bangles > Chain & Link Bracelets
32880304502,https://www.aliexpress.com/item/Rolife-Home-Decor-Figurine-DIY-Sam-Study-Room-Wood-Miniature-Model-Kits-Decoration-Dollhouse-Christamas-Gift/32880304502.html,Rolife Home Decor Figurine DIY Sam Study Room Wood Miniature Model Kits Decoration Dollhouse Christamas Gift for Kids DG102,Home > All Categories > Home & Garden > Home Decor > Figurines & Miniatures
33033236439,https://www.aliexpress.com/item/Organic-Herbal-Permanent-Hair-Growth-Inhibitor-Repair-Nourish-Smooth-Body-Hair-Removal-Spray-for-Private-Parts/33033236439.html,Organic Herbal Permanent Hair Growth Inhibitor Repair Nourish Smooth Body Hair Removal Spray for Private Parts Leg Facial Hair,Home > All Categories > Beauty & Health > Shaving & Hair Removal > Hair Removal Cream
33009421593,https://www.aliexpress.com/item/0000/33009421593.html,0000,Home > All Categories > Men's Clothing > Tops & Tees > T-Shirts
33013833105,https://www.aliexpress.com/item/Casual-comfortable-Bra-Removable-Pads-Double-Layer-Seamless-padded-bra-3pc-set-with-good-pack/33013833105.html,Casual comfortable Bra Removable Pads Double Layer Seamless padded bra 3pc/set with good pack,Home > All Categories > Underwear & Sleepwears > Women's Intimates > Bras
33030456324,https://www.aliexpress.com/item/Electric-Mosquito-Killer-Lamp-For-Suissa-Anthony/33030456324.html,Electric Mosquito Killer Lamp For Suissa Anthony,Home > All Categories > Home & Garden > Garden Supplies > Pest Control > Repellents
33026012037,https://www.aliexpress.com/item/3pcs-set-Brazilian-VIP-customer/33026012037.html,3pcs/set  Brazilian VIP customer,Home > All Categories > Beauty & Health > Fragrances & Deodorants > Deodorants & Antiperspirants
33032699853,https://www.aliexpress.com/item/Special-lin-for-VIP-customer-ABT/33032699853.html,Special lin for VIP customer ABT,Home
32998901275,https://www.aliexpress.com/item/200pcs-Rare-Beauty-Cactus-Succulents-plant-Purify-Air-Easy-To-Grow-Office-Mini-Potted-Flower-bonsai/32998901275.html,200pcs Rare Beauty Cactus Succulents plant Purify Air Easy To Grow Office Mini Potted Flower bonsai flower plant for Home Garden,Home > All Categories > Home & Garden > Garden Supplies > Garden Pots & Planters > Bonsai
32848452255,https://www.aliexpress.com/item/Nano-Liquid-Screen-Protector-Tempered-Glass-For-iPhone-7-8-6-X-XS-Universal-Technology-Film/32848452255.html,Nano Liquid Screen Protector Tempered Glass For iPhone 7 8 6 X XS Universal Technology Film For Samsung S10 Plus Huawei P30 Pro,Home > All Categories > Cellphones & Telecommunications > Mobile Phone Accessories > Phone Screen Protectors
32945264890,https://www.aliexpress.com/item/G22-1080P-HD-Shooting-Waterproof-Digital-Video-Camera-COMS-Sensor-Wide-Angle-Lens-Camera-For-Swimming/32945264890.html,G22 1080P HD Shooting Waterproof Digital Video Camera COMS Sensor Wide Angle Lens Camera For Swimming Diving,Home > All Categories > Consumer Electronics > Camera & Photo > Digital Cameras > Point & Shoot Cameras
33003559634,https://www.aliexpress.com/item/Women-Tote-decoration/33003559634.html,Women Tote decoration,Home > All Categories > Luggage & Bags > Women's Bags > Backpacks
33013700845,https://www.aliexpress.com/item/Canada-customer-vip-link-12/33013700845.html,Canada customer vip link 12,Home > All Categories > Consumer Electronics > Earphones & Headphones > Bluetooth Earphones & Headphones
32968478208,https://www.aliexpress.com/item/Magic-Color-Changing-Liquid-Foundation-Makeup-Base-Nude-Face-Cover-Concealer-Long-Lasting-Makeup-Skin-Tone/32968478208.html,Magic Color Changing Liquid Foundation Makeup Base Nude Face Cover Concealer Long Lasting Makeup Skin Tone Foundation 30ML      ,Home > All Categories > Beauty & Health > Makeup > Face > Face Foundation
33018803116,https://www.aliexpress.com/item/LAIKOU-Australia-Lanolin-Whitening-Moisturizing-Face-Cream-Nourishing-Skin-Anti-Aging-Wrinkle-Removal-Deep-Hydrating-Skin/33018803116.html,LAIKOU Australia Lanolin Whitening Moisturizing Face Cream Nourishing Skin Anti-Aging Wrinkle Removal Deep Hydrating Skin Care,Home > All Categories > Beauty & Health > Skin Care > Sun > Facial Self Tanners & Bronzers
32997727714,https://www.aliexpress.com/item/Phone-case-for-drop-shipping/32997727714.html,Phone case for drop shipping,Home > All Categories > Cellphones & Telecommunications > Phone Bags & Cases > Half-wrapped Cases
33017158415,https://www.aliexpress.com/item/Cute-9CM-Approx-Plush-TOY-DOLL-Gift-small-pendant-Stuffed-Plush-Toy-animal-dolls/33017158415.html,Cute 9CM Approx. Plush TOY DOLL ; Gift small pendant Stuffed Plush Toy  animal dolls,Home > All Categories > Toys & Hobbies > Dolls & Stuffed Toys > Stuffed & Plush Animals
32970733408,https://www.aliexpress.com/item/Double-Layer-Stainless-Steel-Coffee-Filter-Holder-Pour-Over-Coffees-Dripper-Mesh-Coffee-Tea-Filter-Basket/32970733408.html,Double Layer Stainless Steel Coffee Filter Holder Pour Over Coffees Dripper Mesh Coffee Tea Filter Basket Tools,Home > All Categories > Home & Garden > KitchenDining & Bar > Coffeeware > Coffee Filters
33014476428,https://www.aliexpress.com/item/Dropshipping-Valentine-s-Day-Creative-Gift-24K-Foil-Gold-Rose-Lasts-Forever-Love-Wedding-Decor-Lover/33014476428.html,Dropshipping Valentine's Day Creative Gift 24K Foil Gold Rose Lasts Forever Love Wedding Decor Lover Lighting Rose,Home > All Categories > Home & Garden > Festive & Party Supplies > Artificial Decorations > Artificial & Dried Flowers
32880668300,https://www.aliexpress.com/item/Flawless-Women-s-Leopard-Print-Beach-Swimsuit-Swimwear-Bathing-Monokini-Bikini-Superb-Women-s-Swimsuits-Bather/32880668300.html,Flawless Women's Leopard Print Beach Swimsuit Swimwear Bathing Monokini Bikini Superb Women's Swimsuits Bather Swimwear Bodysuit,Home > All Categories > Sports & Entertainment > Swimming > Bikinis Set
32989748892,https://www.aliexpress.com/item/1-2-3-Green-Blue-Eco-OBD2-Economy-Chip-Tuning-Box-OBD-Car-Fuel-Saver-Eco/32989748892.html,1/2/3 Green/Blue Eco OBD2 Economy Chip Tuning Box OBD Car Fuel Saver Eco OBD2 for Benzine Cars Fuel Support Dropshipping,Home > All Categories > Home Appliances > Household Appliances > Home Heaters > Electric Heaters
32997878517,https://www.aliexpress.com/item/For-VIP-Daniel/32997878517.html,For VIP Daniel,Home > All Categories > Home & Garden > Household Cleaning > Household Cleaning Tools > Cleaning Brushes
32821588004,https://www.aliexpress.com/item/Bluetooth-Speaker-Car-Bluetooth-Aux-Universal-3-5mm-jack-Hands-free-Auto-Receiver-Music-Car-Bluetooth/32821588004.html,Bluetooth Speaker Car Bluetooth Aux Universal 3.5mm jack Hands free Auto Receiver Music Car Bluetooth Receivers,Home > All Categories > Consumer Electronics > Portable Audio & Video > Wireless Adapter
33030077301,https://www.aliexpress.com/item/220ML-Ultrasonic-Air-Humidifier-Aroma-Essential-Oil-Diffuser-for-Home-Car-USB-Fogger-Mist-Maker-with/33030077301.html,220ML Ultrasonic Air Humidifier Aroma Essential Oil Diffuser for Home Car USB Fogger Mist Maker with LED Night Lamp,Home > All Categories > Toys & Hobbies > Outdoor Fun & Sports > Bubbles
32908721043,https://www.aliexpress.com/item/1pc-Pet-AccessoriesSummer-Cooling-Mats-Blanket-Ice-Pet-Dog-Bed-Sofa-Portable-Tour-Camping-Yoga-Sleeping/32908721043.html,1pc Pet AccessoriesSummer Cooling Mats Blanket Ice Pet Dog Bed Sofa Portable Tour Camping Yoga Sleeping Mats For Dogs Cats,Home > All Categories > Home & Garden > Pet Products > Dog Doors Houses & Furniture > Houses Kennels & Pens
33023840904,https://www.aliexpress.com/item/vip-link/33023840904.html,vip link,Home > All Categories > Beauty & Health > Shaving & Hair Removal > Hair Removal Cream
32893630151,https://www.aliexpress.com/item/MIZHSE-10pcs-Nail-Polish-Remover-Cotton-Wipes-UV-Gel-Remover-Nail-Clean-Wipes-Nail-Art-Cleaner/32893630151.html,MIZHSE 10pcs Nail Polish Remover Cotton Wipes UV Gel Remover Nail Clean Wipes Nail Art Cleaner Tools Professional Salon Or Home,Home > All Categories > Beauty & Health > Nails Art & Tools > Nail Polish Remover
33016485882,https://www.aliexpress.com/item/30ML-Magic-Color-Changing-Liquid-Foundation-Makeup-Base-Nude-Face-Cover-Concealer-Long-Lasting-Makeup-Skin/33016485882.html,30ML Magic Color Changing Liquid Foundation Makeup Base Nude Face Cover Concealer Long Lasting Makeup Skin Tone Foundation,Home > All Categories > Beauty & Health > Makeup > Body > Concealer
33032870312,https://www.aliexpress.com/item/Portable-Lightweight-Fishing-Lure-Remover-Aluminum-Tube-Hook-Detacher-Portable-Fish-Hook-Out-Extractor-Fishing-Accessories/33032870312.html,Portable Lightweight Fishing Lure Remover Aluminum Tube Hook Detacher Portable Fish Hook Out Extractor Fishing Accessories,Home > All Categories > Sports & Entertainment > Fishing > Fishing Tools
32926107869,https://www.aliexpress.com/item/Modular-Pictures-Wall-Art-HD-Prints-5-Pieces-Star-Wars-Canvas-Movie-Painting-Home-Bedside-Background/32926107869.html,Modular Pictures Wall Art HD Prints 5 Pieces Star Wars Canvas Movie Painting Home Bedside Background Decor Modern Artwork Poster,Home > All Categories > Home & Garden > Home Decor > Painting & Calligraphy
33028923662,https://www.aliexpress.com/item/starqueen-XSX-Sunset-At-Sea-and-so-it-Waves-Ocean-Beach-Casual-New-Listing-Woman-39/33028923662.html,starqueen-XSX Sunset At Sea - and so it Waves Ocean Beach  Casual New Listing Woman&#39;s Clothes Printed White T-shirt Woman,Home > All Categories > Women's Clothing > Tops & Tees > T-Shirts
33017362501,https://www.aliexpress.com/item/Special-Link-For-NSTW/33017362501.html,Special Link For NSTW,Home > All Categories > Jewelry & Accessories > Bracelets & Bangles > Wrap Bracelets
32816237241,https://www.aliexpress.com/item/Large-Size-Striped-Patchwork-2019-Women-Push-up-Swimsuits-Bikini-set-Sexy-Swimwear-Female-Bandage-Biquini/32816237241.html,Large Size Striped Patchwork 2019 Women Push up Swimsuits Bikini set Sexy Swimwear Female Bandage Biquini Beachwear,Home > All Categories > Sports & Entertainment > Swimming > Bikinis Set
32983636706,https://www.aliexpress.com/item/Blackhead-Skin-Care-Face-Deep-Pore-Acne-Pimple-Removal-Vacuum-Suction-Facial-Diamond-Beauty-Tool-Dropshipping/32983636706.html,Blackhead Skin Care Face Deep Pore Acne Pimple Removal Vacuum Suction Facial Diamond Beauty Tool Dropshipping Discounted Price,Home > All Categories > Beauty & Health > Skin Care > Skin Care Tool > Face Skin Care Tools
33008625167,https://www.aliexpress.com/item/Women-Sandals-Vintage-Summer-Women-Shoes-Genuine-Leather-Gladiator-Sandals-for-Women-Beach-Shoes-Flat-Buckle/33008625167.html,Women Sandals Vintage Summer Women Shoes Genuine Leather Gladiator Sandals for Women Beach Shoes Flat Buckle Sandalias Mujer,Home > All Categories > Shoes > Women's Shoes > Heels > Middle Heels
33032330419,https://www.aliexpress.com/item/Kids-Wooden-Toys-Moon-Balancing-Game-Kids-Educational-Toys-For-Children-Wooden-Building-Blocks-Baby-Children/33032330419.html,Kids Wooden Toys Moon Balancing Game Kids Educational Toys For Children Wooden Building Blocks Baby Children Balance Wooden Toys,Home > All Categories > Toys & Hobbies > Model Building > Model Building Kits
32839210886,https://www.aliexpress.com/item/1-Pair-Breathable-Shoes-Pad-Massage-Insoles-Magnetic-Acupoint-Magnetotherapy-Pad-Shoes-Shipping-From-US-Wholesale/32839210886.html,1 Pair Breathable Shoes Pad Massage Insoles Magnetic Acupoint Magnetotherapy Pad Shoes Shipping From US Wholesale,Home > All Categories > Sports & Entertainment > Camping & Hiking > Insoles
33018421862,https://www.aliexpress.com/item/6-5/33018421862.html,6.5,Home > All Categories > Underwear & Sleepwears > Women's Socks & Hosiery > Sock Slippers
33014182300,https://www.aliexpress.com/item/Men-100-cow-Genuine-Leather-Men-Aluminum-Wallet-Pocket-ID-Card-holder-RFID-Blocking-Mini-Wallet/33014182300.html,Men 100% cow Genuine Leather Men Aluminum Wallet Pocket ID Card holder RFID Blocking Mini Wallet Automatic Credit Card purse,Home > All Categories > Luggage & Bags > Coin Purses & Holders > Card & ID Holders
32951260799,https://www.aliexpress.com/item/Ultra-Thin-Silicone-Soft-PU-Leather-Case-For-Samsung-Galaxy-Note-9-8-S8-S9Plus-S10/32951260799.html,Ultra-Thin Silicone Soft PU Leather Case For Samsung Galaxy Note 9 8 S8 S9Plus   S10 S10 plus S10 lite A30  A50  P30  P30  Lite,Home > All Categories > Cellphones & Telecommunications > Phone Bags & Cases > Fitted Cases
33029731524,https://www.aliexpress.com/item/25CM-New-Soft-Cute-Rainbow-Style-Unicorn-Toy-Plush-Toys-Animals-Horse-Children-Toys-Baby-Dolls/33029731524.html,25CM New Soft Cute Rainbow Style Unicorn Toy Plush Toys Animals Horse Children Toys Baby Dolls Birthday Gifts,Home > All Categories > Toys & Hobbies > Dolls & Stuffed Toys > Stuffed & Plush Animals
32963768476,https://www.aliexpress.com/item/Portable-3d-Unique-moon-shape-decoration-Keychain-Night-Light-White-White-Light-durable-and-practical-gift/32963768476.html,Portable 3d Unique moon shape decoration Keychain Night Light - White White Light durable and practical gift,Home > All Categories > Lights & Lighting > Night Lights
33008874826,https://www.aliexpress.com/item/Boxing-Reflex-Speed-Punch-Ball-Training-Hand-Eye-Coordination-Headband-Improve-Reaction-Muay-Thai-Gym-Exercise/33008874826.html,Boxing Reflex Speed Punch Ball Training Hand Eye Coordination Headband Improve Reaction Muay Thai Gym Exercise Equipment bags,Home > All Categories > Sports & Entertainment > Fitness & Body Building > Boxing > Punching Balls & Speed Balls
33031231282,https://www.aliexpress.com/item/Drop-Shipping-Adjustable-Baby-Infant-Toddler-Newborn-Safety-Carrier-360-Four-Position-Lap-Strap-Soft-Baby/33031231282.html,Drop Shipping Adjustable Baby Infant Toddler Newborn Safety Carrier 360 Four Position Lap Strap Soft Baby Sling Carriers 2-30 M,Home > All Categories > Mother & Kids > Activity & Gear > Backpacks & Carriers
33013277698,https://www.aliexpress.com/item/DIY-5D-Photo-Custom-Private-custom-Diamond-Painting-Your-Own-Diamond-Painting-Full-Square-Rhinestone-Embroidery/33013277698.html,DIY 5D Photo Custom! Private custom! Diamond Painting Your Own Diamond Painting Full Square Rhinestone Embroidery ,Home > All Categories > Home & Garden > ArtsCrafts & Sewing > Needle Arts & Crafts > Diamond Painting Cross Stitch
32979634136,https://www.aliexpress.com/item/Men-Two-Head-Blade-Back-Hair-Shaver-Trimmer-Whole-Body-Leg-Hair-Razor-Long-Handle-Hair/32979634136.html,Men Two Head Blade Back Hair Shaver Trimmer Whole Body Leg Hair Razor Long Handle Hair Removal Razors Tool Black ,Home > All Categories > Beauty & Health > Shaving & Hair Removal > Razor
32990549512,https://www.aliexpress.com/item/Hair-Removal-Catcher-Filter-Mesh-Pouch-Cleaning-Balls-Bag-Dirty-Fiber-Collector-Washing-Machine-Filter-Laundry/32990549512.html,Hair Removal Catcher Filter Mesh Pouch Cleaning Balls Bag Dirty Fiber Collector Washing Machine Filter Laundry Ball Discs,Home > All Categories > Home & Garden > Bathroom Products > Bathroom Gadgets > Hair Stoppers & Catchers
33022823625,https://www.aliexpress.com/item/ZJNNK-Flyknit-Shoes-Men-Casual-Shoes-Breathable-Cool-Male-Shoes-Comfortable-Men-s-Shoes-Summer-Hot/33022823625.html,ZJNNK Flyknit Shoes Men Casual Shoes Breathable Cool Male Shoes Comfortable Men's Shoes Summer Hot Sale,Home > All Categories > Shoes > Men's Shoes > Men's Casual Shoes
33015880726,https://www.aliexpress.com/item/Solar-Water-Pump-for-VIP/33015880726.html,Solar Water Pump for VIP,Home > All Categories > Home & Garden > Garden Supplies > Yard & Garden Decor > Fountains & Bird Baths
33033298573,https://www.aliexpress.com/item/Sweatshirt-001/33033298573.html,Sweatshirt-001 ,Home > All Categories > Women's Clothing > Hoodies & Sweatshirts
33023905533,https://www.aliexpress.com/item/TEE-002/33023905533.html,TEE-002,Home > All Categories > Women's Clothing > Tops & Tees > T-Shirts
33030962793,https://www.aliexpress.com/item/Shipping-Cost-Extra-Production-Price-Other-Production-Price/33030962793.html,Shipping Cost -----------Extra Production Price ---------------------Other Production Price,Home > All Categories > Home & Garden > Garden Supplies > BBQ > Other BBQ Tools
33005185199,https://www.aliexpress.com/item/RUNDOING-ODM/33005185199.html,RUNDOING ODM,Home > All Categories > Consumer Electronics > Smart Electronics > Wearable Devices > Smart Watches
32878189060,https://www.aliexpress.com/item/Reusable-Portable-BBQ-Grill-Mat-Cooking-Clamp-Outdoor-Picnic-Kitchen-Tool/32878189060.html,Reusable Portable BBQ Grill Mat/Cooking Clamp Outdoor Picnic Kitchen Tool,Home
32951370966,https://www.aliexpress.com/item/Applicable-iPhone-XS-Mobile-Shell-Carbon-Fiber-iPhone-8-Plus-6-6s-6p-X-XR-Cover/32951370966.html,Applicable iPhone XS Mobile Shell Carbon Fiber  iPhone 8 Plus 6 6s 6p X  XR Cover iPhoneXS max,Home > All Categories > Cellphones & Telecommunications > Phone Bags & Cases > Fitted Cases
33029803087,https://www.aliexpress.com/item/Women-Leopard-Print-Leggings-High-Knee-Stripes-Patchwork-Push-Up-Legging-Workout-Cheetah-Elastic-Pants/33029803087.html,Women Leopard Print Leggings High Knee Stripes Patchwork Push Up Legging  Workout Cheetah Elastic Pants,Home > All Categories > Women's Clothing > Bottoms > Leggings
32958403449,https://www.aliexpress.com/item/INQMEGA-shop-coupons/32958403449.html,INQMEGA  -shop-coupons,Home > All Categories > Security & Protection > Video Surveillance > Surveillance Cameras
32998292381,https://www.aliexpress.com/item/1-Pairs-Black-beige-Women-Invisible-Brassy-Tape-Breast-Lifting-Bra-Tape-Silicone-Invisible-Nipple-a0408/32998292381.html,1 Pairs Black/beige Women Invisible Brassy Tape Breast Lifting Bra Tape Silicone Invisible Nipple a0408,Home > All Categories > Underwear & Sleepwears > Women's Intimates > intimates' accessories
32980552489,https://www.aliexpress.com/item/Yinuoda-Lion-King-Simba-TPU-Soft-Silicone-Phone-Case-Cover-for-Apple-iPhone-8-7-6/32980552489.html,Yinuoda Lion King Simba TPU Soft Silicone Phone Case Cover for Apple iPhone 8 7 6 6S Plus X XS MAX 5 5S SE XR Cover,Home > All Categories > Cellphones & Telecommunications > Phone Bags & Cases > Half-wrapped Cases
32974032579,https://www.aliexpress.com/item/Men-Manual-Back-Hair-Shaver-Blade-Trimmer-Do-it-yourself-Whole-Body-Leg-Back-Hair-Razor/32974032579.html,Men Manual Back Hair Shaver Blade Trimmer Do-it-yourself Whole Body Leg Back Hair Razor Long Handle Big Blade Hair Removal Razor,Home > All Categories > Beauty & Health > Shaving & Hair Removal > Razor
32957116278,https://www.aliexpress.com/item/Non-stick-Copper-Frying-Pan-with-Ceramic-Coating-and-Induction-cooking-Oven-Dishwasher-Safe-Sartenes-De/32957116278.html,Non-stick Copper Frying Pan with Ceramic Coating and Induction cooking Oven Dishwasher Safe Sartenes De Cocina Antiadherentes,Home > All Categories > Home & Garden > KitchenDining & Bar > Cookware & Parts > Pans
32796638462,https://www.aliexpress.com/item/Gold-Color-Twisted-Singapore-Chain-24inch-7mm-Gold-Color-Necklace-For-Women-Men-New-Wholesale-DIY/32796638462.html,Gold Color Twisted Singapore Chain 24inch 7mm Gold Color Necklace For Women Men New Wholesale DIY Long Necklace Jewelry,Home > All Categories > Jewelry & Accessories > Necklaces & Pendants > Chain Necklaces
33013812769,https://www.aliexpress.com/item/6pcs-Quantum-Shield-Sticker-Mobile-Phone-Sticker-For-Cell-Phone-Anti-Radiation-Protection-from-EMF-Fusion/33013812769.html,6pcs Quantum Shield Sticker Mobile Phone Sticker For Cell Phone Anti Radiation Protection from EMF Fusion Excel Anti-Radiation,Home > All Categories > Cellphones & Telecommunications > Mobile Phone Accessories > Mobile Phone Stickers
32998578780,https://www.aliexpress.com/item/Sitting-7CM-Cat-Plush-Stuffed-TOY-DOLL-NEW-Key-chain-Gift-Plush-Dolls/32998578780.html,Sitting 7CM Cat Plush Stuffed TOY DOLL NEW Key chain Gift Plush Dolls,Home > All Categories > Toys & Hobbies > Dolls & Stuffed Toys > Stuffed & Plush Animals
32806928230,https://www.aliexpress.com/item/Men-Women-Watches-Fashion-Note-Music-Notation-Metal-Quartz-Watches-Wristwatch-For-Lady-Female-Male-Reloj/32806928230.html,Men Women Watches Fashion Note Music Notation Metal Quartz Watches Wristwatch For Lady Female Male Reloj Hombre Montre Femme,Home > All Categories > Watches > Women's Watches
32922625752,https://www.aliexpress.com/item/6PCS-Sumifun-Diabetic-Patch-Diabetes-Herbal-Diabetes-Cure-Lower-Blood-Glucose-Treatment-K03201/32922625752.html,6PCS Sumifun Diabetic Patch Diabetes Herbal Diabetes Cure Lower Blood Glucose Treatment K03201,Home > All Categories > Beauty & Health > Health Care > Chinese Medicine > Patches
33034918030,https://www.aliexpress.com/item/New-Random123/33034918030.html,New Random123,Home > All Categories > Toys & Hobbies > Puzzles & Games > Puzzles
32951557121,https://www.aliexpress.com/item/Hot-7-Days-Ginger-Essence-Hairdressing-Hairs-Mask-Hair-Essential-Oil-Hair-Care-Oil-Essential-Oil/32951557121.html,Hot 7 Days Ginger Essence Hairdressing Hairs Mask Hair Essential Oil Hair Care Oil Essential Oil Dry and Damaged Hairs Nutrition,Home > All Categories > Beauty & Health > Hair Care & Styling > Hair Loss Products
33021589348,https://www.aliexpress.com/item/Portable-Painless-Brows-Trimmer-Electric-Hair-Removal-Women-Face-Hair-Remover-Lipstick-Razor-Depilator-Shaving-Machine/33021589348.html,Portable Painless Brows Trimmer Electric Hair Removal Women Face Hair Remover Lipstick Razor Depilator Shaving Machine,Home > All Categories > Home Appliances > Personal Care Appliances > Epilators
33012471561,https://www.aliexpress.com/item/DropShipping-2Pcs-Car-Sun-Shade-UV-Protection-Car-Curtain-Car-Window-Sunshade-Side-Window-Mesh-Sun/33012471561.html,DropShipping 2Pcs Car Sun Shade UV Protection Car Curtain Car Window Sunshade Side Window Mesh Sun Visor,Home > All Categories > Automobiles & Motorcycles > Exterior Accessories > Sunshades > Side Window Sunshades
32866237606,https://www.aliexpress.com/item/Adjustable-Shoulder-Brace-Support-Strap-Wrap-Belt-Band-Pad-Shoulder-Care-Bandage-Black/32866237606.html,Adjustable Shoulder Brace Support Strap Wrap Belt Band Pad Shoulder Care Bandage Black,Home > All Categories > Beauty & Health > Health Care > Personal Health Care > Braces & Supports
32963463979,https://www.aliexpress.com/item/Hollow-Heat-Dissipation-Cases-Slim-PC-Back-Cover-Slim-Phone-Case-For-iPhone-XS-Max-XR/32963463979.html,Hollow Heat Dissipation Cases Slim PC Back Cover Slim Phone Case For iPhone XS Max XR XS X/10 6 6S 7 8 Plus,Home > All Categories > Cellphones & Telecommunications > Phone Bags & Cases > Fitted Cases
32886486901,https://www.aliexpress.com/item/DF037-2Pcs-Car-Sun-Shade-UV-Protection-Car-Curtain-Car-Window-Sunshade-Side-Window-Mesh-Sun/32886486901.html,DF037 2Pcs Car Sun Shade UV Protection Car Curtain Car Window Sunshade Side Window Mesh Sun Visor Summer Protection Window Fauce,Home > All Categories > Home Improvement > Kitchen Fixtures > Kitchen Faucets
32936679174,https://www.aliexpress.com/item/MERRYS-DESIGN-Men-Classic-HD-Polarized-Sunglasses-For-Driving-Aviation-Aluminum-Mens-Sun-glasses-UV400-Protection/32936679174.html,MERRYS DESIGN Men Classic HD Polarized Sunglasses For Driving  Aviation Aluminum Mens Sun glasses UV400 Protection S8714,Home > All Categories > Apparel Accessories > Men's Glasses > Men's Sunglasses
32990252011,https://www.aliexpress.com/item/A-Couple-Jewelry-Sets-Stainless-Steel-Love-Heart-Lock-Bracelets-Bangles-Key-Pendant-Necklace-Couples-Free/32990252011.html,A Couple Jewelry Sets Stainless Steel Love Heart Lock Bracelets Bangles Key Pendant Necklace Couples Free Shipping,Home > All Categories > Jewelry & Accessories > Jewelry Sets & More > Jewelry Sets
33012395511,https://www.aliexpress.com/item/TWS-Wireless-Headphones-V8-TWS-Air-Bluetooth-Earphones-5-0-Touch-Control-Earbuds-with-Microphones-1/33012395511.html,TWS Wireless Headphones V8 TWS Air Bluetooth Earphones 5.0 Touch Control Earbuds with Microphones 1:1 Air Headsets PK W1 Chip,Home > All Categories > Consumer Electronics > Earphones & Headphones > Bluetooth Earphones & Headphones
32917644081,https://www.aliexpress.com/item/200pcs-Mini-Succulent-Bonsai-Rare-Succulentes-Graines-Jardin-Des-Plantes-graines-for-home-garden-office-desktop/32917644081.html,200pcs Mini Succulent Bonsai Rare Succulentes Graines Jardin Des Plantes graines for home garden office desktop Decorative plant,Home > All Categories > Home & Garden > Garden Supplies > Garden Pots & Planters > Bonsai
33025860758,https://www.aliexpress.com/item/20CM-Cute-Dolphin-Seals-Walruses-Killer-Whales-Whale-Sharks-Plush-Toys-Ocean-Alliance-Children-Doll-Dolls/33025860758.html,20CM Cute Dolphin Seals Walruses Killer Whales Whale Sharks Plush Toys Ocean Alliance Children Doll Dolls Foam Particles toys,Home > All Categories > Toys & Hobbies > Dolls & Stuffed Toys > Stuffed & Plush Animals
32954888605,https://www.aliexpress.com/item/New-Arrival-30ml-TLM-Color-Changing-Foundation-Makeup-Base-Nude-Face-Liquid-Cover-Concealer-Dropshipping/32954888605.html,New Arrival 30ml TLM Color Changing Foundation Makeup Base Nude Face Liquid Cover Concealer Dropshipping,Home > All Categories > Beauty & Health > Makeup > Face > Face Foundation
33017053100,https://www.aliexpress.com/item/Sample-for-VIP-Customer/33017053100.html,Sample for VIP Customer,Home > All Categories > Women's Clothing > Suits & Sets > Women's Sets
33010720848,https://www.aliexpress.com/item/2019-New-Autumn-Infant-Toddler-Shoes-Girl-Boy-Casual-Mesh-Shoes-Soft-Bottom-Comfortable-Non-slip/33010720848.html,2019 New Autumn Infant Toddler Shoes Girl Boy Casual Mesh Shoes Soft Bottom Comfortable Non-slip Kid Baby First Walkers Shoes,Home > All Categories > Mother & Kids > Children's Shoes > Girls > Sneakers
32987236520,https://www.aliexpress.com/item/Dropshipping-Men-Nose-Trimmer-Clipper-Micro-Personal-Beard-Hair-Touch-Trimmer-Shaver-Grooming-Remover-Handle-LED/32987236520.html,Dropshipping Men Nose Trimmer Clipper Micro Personal Beard Hair Touch Trimmer Shaver Grooming Remover Handle LED Light Razor,Home
33023928583,https://www.aliexpress.com/item/VILLWICE-Best-friends-keychain-keyring-not-sisters-by-blood-but-sisters-by-heart-friendship-jewelry-gift/33023928583.html,"VILLWICE Best friends keychain keyring ""not sisters by blood but sisters by heart"" friendship jewelry gift for women girls",Home > All Categories > Jewelry & Accessories > Jewelry Sets & More > Key Chains
33029331116,https://www.aliexpress.com/item/ASCENDAS-65MM-Lawn-Mower-Trimmer-Head-Chain-Brushcutter-for-Garden-Grass-Brush-Cutter-Tools-Parts-Gardening/33029331116.html,ASCENDAS 65MM Lawn Mower Trimmer Head Chain Brushcutter for Garden Grass Brush Cutter Tools Parts Gardening Tools Trimmer TP-156,Home > All Categories > Tools > Garden Tools > Garden Hand Tools > Pruning Tools
32946266312,https://www.aliexpress.com/item/Single-Marvel-Avengers-3-Infinity-War-Thanos-MCU-Scarlet-Witch-Wanda-Spider-Man-Iron-Man-figure/32946266312.html,Single Marvel Avengers 3 Infinity War Thanos MCU Scarlet Witch Wanda Spider-Man Iron Man figure building blocks toy for children,Home > All Categories > Toys & Hobbies > Model Building > Blocks
33029665554,https://www.aliexpress.com/item/VIP-Link/33029665554.html,VIP Link,Home > All Categories > Automobiles & Motorcycles > Exterior Accessories > Reflective Strips
32964078836,https://www.aliexpress.com/item/20pcs-Fresh-bonsai-cherry-tree-plants-Chilean-cherries-bonsai-delicious-big-cherry-fruit-for-home-garden/32964078836.html,20pcs Fresh bonsai cherry tree plants Chilean cherries bonsai delicious big cherry fruit for home garden potted plants ,Home > All Categories > Home & Garden > Garden Supplies > Garden Pots & Planters > Bonsai
33007938710,https://www.aliexpress.com/item/50-PCS-Outdoor-Camping-Stickers-to-Wall-Decor-Living-Room-Decor-Hike-Travel-Landscape-Wall-Stickers/33007938710.html,50 PCS Outdoor Camping Stickers to Wall Decor Living Room Decor Hike Travel Landscape Wall Stickers for Kids Bedrooms Decoration,Home > All Categories > Home & Garden > Home Decor > Wall Stickers
33016711606,https://www.aliexpress.com/item/DF770-5-Stks-set-Remover-Boor-Tool-Schroef-Gemakkelijk-Nemen-Speed-Extractor-Set-1-4-Hex/33016711606.html,DF770 5 Stks/set Remover Boor Tool Schroef Gemakkelijk Nemen Speed Extractor Set 1/4 Hex Schacht Met Gevallen Hout  irrigation,Home > All Categories > Home Improvement > Kitchen Fixtures > Kitchen Faucets
33015397324,https://www.aliexpress.com/item/Sewing-Machine-LED-Light-Strip-Light-Kit-DC5V-Flexible-USB-Sewing-Light-30cm-Industrial-Machine-Working/33015397324.html,Sewing Machine LED Light Strip Light Kit DC5V Flexible USB Sewing Light 30cm Industrial Machine Working LED Lights,Home > All Categories > Lights & Lighting > LED Lighting > LED Strips
32880511981,https://www.aliexpress.com/item/Creative-Water-Cans-Bird-Shape-House-Water-Houseplant-Plant-Pot-Bulb-Automatic-Self-Watering-Device-Bird/32880511981.html,Creative Water Cans Bird Shape House Water Houseplant Plant Pot Bulb Automatic Self Watering Device -Bird,Home > All Categories > Home & Garden > Garden Supplies > Watering & Irrigation > Water Cans
33025290437,https://www.aliexpress.com/item/Low-voltage-Ultraviolet-Light-USB-Mosquito-Killer-Lamp-Safe-Energy-Power-Saving-Efficient-Photocatalytic-Anti-Mosquito/33025290437.html,Low-voltage Ultraviolet Light USB Mosquito Killer Lamp Safe Energy Power Saving Efficient Photocatalytic Anti Mosquito Light,Home > All Categories > Home & Garden > Home Storage & Organization > Storage Holders & Racks
33020351139,https://www.aliexpress.com/item/Duzeala-Bodysuits-Jumpsuit-Link-for-VIP-Dropshipping/33020351139.html,Duzeala Bodysuits Jumpsuit Link for VIP Dropshipping,Home > All Categories > Women's Clothing > Jumpsuits
32852439549,https://www.aliexpress.com/item/4pcs-Hollow-Out-Women-Bag-Set-Fashion-Women-Handbag-Pu-Leather-Women-Shoulder-Bags-Crossbody-Messenger/32852439549.html,4pcs Hollow Out Women Bag Set Fashion Women Handbag Pu Leather Women Shoulder Bags+Crossbody Messenger Bag+Small Purse Clutch,Home > All Categories > Luggage & Bags > Women's Bags > Shoulder Bags
32823812914,https://www.aliexpress.com/item/WR-Quality-Silver-Plated-Metal-Bar-Northwest-Territorial-Mint-Art-Crafts-Bullion-Bar-Silver-Coin-for/32823812914.html,WR Quality Silver Plated Metal Bar Northwest Territorial Mint Art Crafts Bullion Bar Silver Coin for Home Collection Souvenir,Home > All Categories > Home & Garden > Home Decor > Ornaments > Non-currency Coins
32973187595,https://www.aliexpress.com/item/COXANG-Smart-Watch-For-Children-Kids-Baby-Watch-Phone-Support-2G-Sim-Card-Dail-Call-Touch/32973187595.html,COXANG Smart Watch For Children Kids Baby Watch Phone Support 2G Sim Card Dail Call Touch Screen Smart Clock Kids Smartwatches,Home > All Categories > Consumer Electronics > Smart Electronics > Wearable Devices > Smart Watches
